ano,mes,data,submercado,calculado,pmo,patamar,erro
2024,8,2024-08-01,SUDESTE,42244.2498,42244.0,1,0.0
2024,9,2024-09-01,SUDESTE,42286.7408,42286.0,1,0.0
2024,10,2024-10-01,SUDESTE,44948.742000000006,44949.0,1,0.0
2024,11,2024-11-01,SUDESTE,45649.816,45650.0,1,0.0
2024,12,2024-12-01,SUDESTE,46196.1192,46196.0,1,0.0
2025,1,2025-01-01,SUDESTE,50322.065800000004,50322.0,1,0.0
2025,2,2025-02-01,SUDESTE,50655.6418,50656.0,1,0.0
2025,3,2025-03-01,SUDESTE,48726.1122,48726.0,1,0.0
2025,4,2025-04-01,SUDESTE,46536.02100000001,46536.0,1,0.0
2025,5,2025-05-01,SUDESTE,45010.978800000004,45011.0,1,0.0
2025,6,2025-06-01,SUDESTE,44845.1,44845.0,1,0.0
2025,7,2025-07-01,SUDESTE,44053.555,44054.0,1,0.0
2025,8,2025-08-01,SUDESTE,44773.8688,44774.0,1,0.0
2025,9,2025-09-01,SUDESTE,44208.236800000006,44208.0,1,0.0
2025,10,2025-10-01,SUDESTE,45235.7,45236.0,1,0.0
2025,11,2025-11-01,SUDESTE,46189.4733,46190.0,1,0.0
2025,12,2025-12-01,SUDESTE,46533.468,46533.0,1,0.0
2026,1,2026-01-01,SUDESTE,51412.079999999994,51412.0,1,0.0
2026,2,2026-02-01,SUDESTE,50358.148,50358.0,1,0.0
2026,3,2026-03-01,SUDESTE,50783.0567,50783.0,1,0.0
2026,4,2026-04-01,SUDESTE,47686.398,47687.0,1,0.0
2026,5,2026-05-01,SUDESTE,46715.891200000005,46716.0,1,0.0
2026,6,2026-06-01,SUDESTE,45989.199,45989.0,1,0.0
2026,7,2026-07-01,SUDESTE,45411.6736,45412.0,1,0.0
2026,8,2026-08-01,SUDESTE,46275.85399999999,46276.0,1,0.0
2026,9,2026-09-01,SUDESTE,45668.1806,45669.0,1,0.0
2026,10,2026-10-01,SUDESTE,47037.608,47037.0,1,0.0
2026,11,2026-11-01,SUDESTE,47645.258,47645.0,1,0.0
2026,12,2026-12-01,SUDESTE,47957.2808,47957.0,1,0.0
2027,1,2027-01-01,SUDESTE,53318.800800000005,53319.0,1,0.0
2027,2,2027-02-01,SUDESTE,51888.4036,51889.0,1,0.0
2027,3,2027-03-01,SUDESTE,52193.3546,52193.0,1,0.0
2027,4,2027-04-01,SUDESTE,48885.745200000005,48886.0,1,0.0
2027,5,2027-05-01,SUDESTE,48367.2555,48367.0,1,0.0
2027,6,2027-06-01,SUDESTE,47379.327999999994,47379.0,1,0.0
2027,7,2027-07-01,SUDESTE,47084.5872,47084.0,1,0.0
2027,8,2027-08-01,SUDESTE,47728.0008,47728.0,1,0.0
2027,9,2027-09-01,SUDESTE,47152.825800000006,47153.0,1,0.0
2027,10,2027-10-01,SUDESTE,48846.8964,48847.0,1,0.0
2027,11,2027-11-01,SUDESTE,48997.202,48997.0,1,0.0
2027,12,2027-12-01,SUDESTE,49277.6742,49278.0,1,0.0
2028,1,2028-01-01,SUDESTE,54956.621600000006,54957.0,1,0.0
2028,2,2028-02-01,SUDESTE,53451.839199999995,53451.0,1,0.0
2028,3,2028-03-01,SUDESTE,53844.4847,53844.0,1,0.0
2028,4,2028-04-01,SUDESTE,51461.416900000004,51462.0,1,0.0
2028,5,2028-05-01,SUDESTE,49628.733100000005,49629.0,1,0.0
2028,6,2028-06-01,SUDESTE,49228.548,49229.0,1,0.0
2028,7,2028-07-01,SUDESTE,49202.47549999999,49202.0,1,0.0
2028,8,2028-08-01,SUDESTE,49203.4728,49203.0,1,0.0
2028,9,2028-09-01,SUDESTE,48990.8336,48991.0,1,0.0
2028,10,2028-10-01,SUDESTE,50499.889200000005,50500.0,1,0.0
2028,11,2028-11-01,SUDESTE,50884.7537,50885.0,1,0.0
2028,12,2028-12-01,SUDESTE,51577.199199999995,51577.0,1,0.0
9999,1,9999-01-01,SUDESTE,54956.621600000006,54957.0,1,0.0
9999,2,9999-02-01,SUDESTE,53451.839199999995,53451.0,1,0.0
9999,3,9999-03-01,SUDESTE,53844.4847,53844.0,1,0.0
9999,4,9999-04-01,SUDESTE,51461.416900000004,51462.0,1,0.0
9999,5,9999-05-01,SUDESTE,49628.733100000005,49629.0,1,0.0
9999,6,9999-06-01,SUDESTE,49228.548,49229.0,1,0.0
9999,7,9999-07-01,SUDESTE,49202.47549999999,49202.0,1,0.0
9999,8,9999-08-01,SUDESTE,49203.4728,49203.0,1,0.0
9999,9,9999-09-01,SUDESTE,48990.8336,48991.0,1,0.0
9999,10,9999-10-01,SUDESTE,50499.889200000005,50500.0,1,0.0
9999,11,9999-11-01,SUDESTE,50884.7537,50885.0,1,0.0
9999,12,9999-12-01,SUDESTE,51577.199199999995,51577.0,1,0.0
2024,8,2024-08-01,SUDESTE,35596.353599999995,35596.0,2,0.0
2024,9,2024-09-01,SUDESTE,37036.58960000001,37037.0,2,0.0
2024,10,2024-10-01,SUDESTE,39842.217,39842.0,2,0.0
2024,11,2024-11-01,SUDESTE,40711.4464,40711.0,2,0.0
2024,12,2024-12-01,SUDESTE,41849.3384,41849.0,2,0.0
2025,1,2025-01-01,SUDESTE,45430.184799999995,45430.0,2,0.0
2025,2,2025-02-01,SUDESTE,45838.0972,45838.0,2,0.0
2025,3,2025-03-01,SUDESTE,43549.684700000005,43550.0,2,0.0
2025,4,2025-04-01,SUDESTE,40611.343,40612.0,2,0.0
2025,5,2025-05-01,SUDESTE,36580.612,36580.0,2,0.0
2025,6,2025-06-01,SUDESTE,35727.3786,35727.0,2,0.0
2025,7,2025-07-01,SUDESTE,34718.2716,34719.0,2,0.0
2025,8,2025-08-01,SUDESTE,36194.140199999994,36194.0,2,0.0
2025,9,2025-09-01,SUDESTE,37801.078,37801.0,2,0.0
2025,10,2025-10-01,SUDESTE,39250.28,39250.0,2,0.0
2025,11,2025-11-01,SUDESTE,40430.6741,40430.0,2,0.0
2025,12,2025-12-01,SUDESTE,41509.961,41510.0,2,0.0
2026,1,2026-01-01,SUDESTE,45793.234,45793.0,2,0.0
2026,2,2026-02-01,SUDESTE,44977.012,44977.0,2,0.0
2026,3,2026-03-01,SUDESTE,44715.0839,44715.0,2,0.0
2026,4,2026-04-01,SUDESTE,41107.9314,41108.0,2,0.0
2026,5,2026-05-01,SUDESTE,37385.6568,37386.0,2,0.0
2026,6,2026-06-01,SUDESTE,35993.132000000005,35993.0,2,0.0
2026,7,2026-07-01,SUDESTE,35257.238,35257.0,2,0.0
2026,8,2026-08-01,SUDESTE,36840.5709,36841.0,2,0.0
2026,9,2026-09-01,SUDESTE,38764.93719999999,38765.0,2,0.0
2026,10,2026-10-01,SUDESTE,40730.143000000004,40730.0,2,0.0
2026,11,2026-11-01,SUDESTE,41589.9736,41590.0,2,0.0
2026,12,2026-12-01,SUDESTE,42578.9004,42579.0,2,0.0
2027,1,2027-01-01,SUDESTE,47318.452000000005,47319.0,2,0.0
2027,2,2027-02-01,SUDESTE,46203.8068,46203.0,2,0.0
2027,3,2027-03-01,SUDESTE,45852.33180000001,45853.0,2,0.0
2027,4,2027-04-01,SUDESTE,41963.4188,41964.0,2,0.0
2027,5,2027-05-01,SUDESTE,38505.9945,38506.0,2,0.0
2027,6,2027-06-01,SUDESTE,36780.742,36780.0,2,0.0
2027,7,2027-07-01,SUDESTE,36469.610400000005,36470.0,2,0.0
2027,8,2027-08-01,SUDESTE,37668.9616,37669.0,2,0.0
2027,9,2027-09-01,SUDESTE,39873.7586,39874.0,2,0.0
2027,10,2027-10-01,SUDESTE,42200.7272,42201.0,2,0.0
2027,11,2027-11-01,SUDESTE,42628.0411,42628.0,2,0.0
2027,12,2027-12-01,SUDESTE,43611.4074,43611.0,2,0.0
2028,1,2028-01-01,SUDESTE,48641.0004,48641.0,2,0.0
2028,2,2028-02-01,SUDESTE,47443.691600000006,47444.0,2,0.0
2028,3,2028-03-01,SUDESTE,47103.7585,47104.0,2,0.0
2028,4,2028-04-01,SUDESTE,44227.3996,44228.0,2,0.0
2028,5,2028-05-01,SUDESTE,39216.666600000004,39217.0,2,0.0
2028,6,2028-06-01,SUDESTE,38272.991200000004,38273.0,2,0.0
2028,7,2028-07-01,SUDESTE,38066.998499999994,38067.0,2,0.0
2028,8,2028-08-01,SUDESTE,38602.5672,38603.0,2,0.0
2028,9,2028-09-01,SUDESTE,41492.0008,41492.0,2,0.0
2028,10,2028-10-01,SUDESTE,43418.9504,43419.0,2,0.0
2028,11,2028-11-01,SUDESTE,44286.2052,44286.0,2,0.0
2028,12,2028-12-01,SUDESTE,45699.7101,45700.0,2,0.0
9999,1,9999-01-01,SUDESTE,48641.0004,48641.0,2,0.0
9999,2,9999-02-01,SUDESTE,47443.691600000006,47444.0,2,0.0
9999,3,9999-03-01,SUDESTE,47103.7585,47104.0,2,0.0
9999,4,9999-04-01,SUDESTE,44227.3996,44228.0,2,0.0
9999,5,9999-05-01,SUDESTE,39216.666600000004,39217.0,2,0.0
9999,6,9999-06-01,SUDESTE,38272.991200000004,38273.0,2,0.0
9999,7,9999-07-01,SUDESTE,38066.998499999994,38067.0,2,0.0
9999,8,9999-08-01,SUDESTE,38602.5672,38603.0,2,0.0
9999,9,9999-09-01,SUDESTE,41492.0008,41492.0,2,0.0
9999,10,9999-10-01,SUDESTE,43418.9504,43419.0,2,0.0
9999,11,9999-11-01,SUDESTE,44286.2052,44286.0,2,0.0
9999,12,9999-12-01,SUDESTE,45699.7101,45700.0,2,0.0
2024,8,2024-08-01,SUDESTE,29930.944799999997,29931.0,3,0.0
2024,9,2024-09-01,SUDESTE,30767.5752,30768.0,3,0.0
2024,10,2024-10-01,SUDESTE,33090.728,33090.0,3,0.0
2024,11,2024-11-01,SUDESTE,33358.9088,33359.0,3,0.0
2024,12,2024-12-01,SUDESTE,35123.9754,35124.0,3,0.0
2025,1,2025-01-01,SUDESTE,38371.7654,38372.0,3,0.0
2025,2,2025-02-01,SUDESTE,39126.308,39126.0,3,0.0
2025,3,2025-03-01,SUDESTE,37910.5835,37911.0,3,0.0
2025,4,2025-04-01,SUDESTE,34536.689,34537.0,3,0.0
2025,5,2025-05-01,SUDESTE,31429.9024,31430.0,3,0.0
2025,6,2025-06-01,SUDESTE,30931.5634,30932.0,3,0.0
2025,7,2025-07-01,SUDESTE,30089.216800000002,30089.0,3,0.0
2025,8,2025-08-01,SUDESTE,31148.2445,31148.0,3,0.0
2025,9,2025-09-01,SUDESTE,32375.637200000005,32376.0,3,0.0
2025,10,2025-10-01,SUDESTE,33385.07,33385.0,3,0.0
2025,11,2025-11-01,SUDESTE,33499.705,33500.0,3,0.0
2025,12,2025-12-01,SUDESTE,35377.758,35378.0,3,0.0
2026,1,2026-01-01,SUDESTE,39177.266,39177.0,3,0.0
2026,2,2026-02-01,SUDESTE,38873.172,38873.0,3,0.0
2026,3,2026-03-01,SUDESTE,39335.73,39336.0,3,0.0
2026,4,2026-04-01,SUDESTE,35282.298800000004,35283.0,3,0.0
2026,5,2026-05-01,SUDESTE,32284.212999999996,32285.0,3,0.0
2026,6,2026-06-01,SUDESTE,31724.062400000003,31724.0,3,0.0
2026,7,2026-07-01,SUDESTE,30928.2724,30928.0,3,0.0
2026,8,2026-08-01,SUDESTE,31999.796199999997,32000.0,3,0.0
2026,9,2026-09-01,SUDESTE,33372.498999999996,33372.0,3,0.0
2026,10,2026-10-01,SUDESTE,34692.051,34692.0,3,0.0
2026,11,2026-11-01,SUDESTE,34529.1362,34529.0,3,0.0
2026,12,2026-12-01,SUDESTE,36455.0988,36455.0,3,0.0
2027,1,2027-01-01,SUDESTE,40387.6016,40388.0,3,0.0
2027,2,2027-02-01,SUDESTE,40038.336,40038.0,3,0.0
2027,3,2027-03-01,SUDESTE,40705.1871,40705.0,3,0.0
2027,4,2027-04-01,SUDESTE,36307.2812,36308.0,3,0.0
2027,5,2027-05-01,SUDESTE,33229.5295,33229.0,3,0.0
2027,6,2027-06-01,SUDESTE,32589.382400000002,32589.0,3,0.0
2027,7,2027-07-01,SUDESTE,32108.82,32109.0,3,0.0
2027,8,2027-08-01,SUDESTE,32866.655399999996,32867.0,3,0.0
2027,9,2027-09-01,SUDESTE,34466.5881,34467.0,3,0.0
2027,10,2027-10-01,SUDESTE,35897.5996,35897.0,3,0.0
2027,11,2027-11-01,SUDESTE,35463.5197,35463.0,3,0.0
2027,12,2027-12-01,SUDESTE,37491.4392,37491.0,3,0.0
2028,1,2028-01-01,SUDESTE,41569.854499999994,41570.0,3,0.0
2028,2,2028-02-01,SUDESTE,41273.9392,41274.0,3,0.0
2028,3,2028-03-01,SUDESTE,41957.7761,41957.0,3,0.0
2028,4,2028-04-01,SUDESTE,37868.6441,37868.0,3,0.0
2028,5,2028-05-01,SUDESTE,34355.9093,34356.0,3,0.0
2028,6,2028-06-01,SUDESTE,33999.3196,33999.0,3,0.0
2028,7,2028-07-01,SUDESTE,33334.322499999995,33334.0,3,0.0
2028,8,2028-08-01,SUDESTE,34091.4176,34092.0,3,0.0
2028,9,2028-09-01,SUDESTE,35933.4648,35934.0,3,0.0
2028,10,2028-10-01,SUDESTE,36999.624,37000.0,3,0.0
2028,11,2028-11-01,SUDESTE,36976.7486,36976.0,3,0.0
2028,12,2028-12-01,SUDESTE,39163.8295,39164.0,3,0.0
9999,1,9999-01-01,SUDESTE,41569.854499999994,41570.0,3,0.0
9999,2,9999-02-01,SUDESTE,41273.9392,41274.0,3,0.0
9999,3,9999-03-01,SUDESTE,41957.7761,41957.0,3,0.0
9999,4,9999-04-01,SUDESTE,37868.6441,37868.0,3,0.0
9999,5,9999-05-01,SUDESTE,34355.9093,34356.0,3,0.0
9999,6,9999-06-01,SUDESTE,33999.3196,33999.0,3,0.0
9999,7,9999-07-01,SUDESTE,33334.322499999995,33334.0,3,0.0
9999,8,9999-08-01,SUDESTE,34091.4176,34092.0,3,0.0
9999,9,9999-09-01,SUDESTE,35933.4648,35934.0,3,0.0
9999,10,9999-10-01,SUDESTE,36999.624,37000.0,3,0.0
9999,11,9999-11-01,SUDESTE,36976.7486,36976.0,3,0.0
9999,12,9999-12-01,SUDESTE,39163.8295,39164.0,3,0.0
2024,8,2024-08-01,SUL,12405.656,12406.0,1,0.0
2024,9,2024-09-01,SUL,12068.8421,12069.0,1,0.0
2024,10,2024-10-01,SUL,11292.9116,11293.0,1,0.0
2024,11,2024-11-01,SUL,12139.650899999999,12139.0,1,0.0
2024,12,2024-12-01,SUL,12347.6469,12347.0,1,0.0
2025,1,2025-01-01,SUL,14056.693200000002,14056.0,1,0.0
2025,2,2025-02-01,SUL,14488.9764,14489.0,1,0.0
2025,3,2025-03-01,SUL,13393.363000000001,13393.0,1,0.0
2025,4,2025-04-01,SUL,13118.0463,13118.0,1,0.0
2025,5,2025-05-01,SUL,12860.4336,12861.0,1,0.0
2025,6,2025-06-01,SUL,12903.8018,12903.0,1,0.0
2025,7,2025-07-01,SUL,12635.163999999999,12635.0,1,0.0
2025,8,2025-08-01,SUL,12748.1593,12748.0,1,0.0
2025,9,2025-09-01,SUL,11772.274,11772.0,1,0.0
2025,10,2025-10-01,SUL,11783.816499999999,11784.0,1,0.0
2025,11,2025-11-01,SUL,12741.2205,12741.0,1,0.0
2025,12,2025-12-01,SUL,12831.179499999998,12831.0,1,0.0
2026,1,2026-01-01,SUL,14570.7052,14570.0,1,0.0
2026,2,2026-02-01,SUL,14649.623599999999,14650.0,1,0.0
2026,3,2026-03-01,SUL,14125.841399999998,14126.0,1,0.0
2026,4,2026-04-01,SUL,13575.9562,13576.0,1,0.0
2026,5,2026-05-01,SUL,13463.503999999999,13464.0,1,0.0
2026,6,2026-06-01,SUL,13220.8095,13221.0,1,0.0
2026,7,2026-07-01,SUL,13065.462000000001,13066.0,1,0.0
2026,8,2026-08-01,SUL,13224.1109,13224.0,1,0.0
2026,9,2026-09-01,SUL,12296.271200000001,12296.0,1,0.0
2026,10,2026-10-01,SUL,12382.7344,12383.0,1,0.0
2026,11,2026-11-01,SUL,13187.4294,13187.0,1,0.0
2026,12,2026-12-01,SUL,13278.3508,13278.0,1,0.0
2027,1,2027-01-01,SUL,15215.384699999999,15215.0,1,0.0
2027,2,2027-02-01,SUL,15155.338600000003,15155.0,1,0.0
2027,3,2027-03-01,SUL,14495.598299999998,14495.0,1,0.0
2027,4,2027-04-01,SUL,13913.648000000001,13913.0,1,0.0
2027,5,2027-05-01,SUL,14003.358400000001,14003.0,1,0.0
2027,6,2027-06-01,SUL,13614.647,13615.0,1,0.0
2027,7,2027-07-01,SUL,13658.804,13659.0,1,0.0
2027,8,2027-08-01,SUL,13671.281600000002,13671.0,1,0.0
2027,9,2027-09-01,SUL,12794.9696,12795.0,1,0.0
2027,10,2027-10-01,SUL,13023.5203,13023.0,1,0.0
2027,11,2027-11-01,SUL,13633.463800000001,13633.0,1,0.0
2027,12,2027-12-01,SUL,13724.848800000003,13725.0,1,0.0
2028,1,2028-01-01,SUL,15790.4791,15791.0,1,0.0
2028,2,2028-02-01,SUL,15774.800599999999,15775.0,1,0.0
2028,3,2028-03-01,SUL,15101.5415,15102.0,1,0.0
2028,4,2028-04-01,SUL,14960.519999999997,14961.0,1,0.0
2028,5,2028-05-01,SUL,14359.073500000002,14359.0,1,0.0
2028,6,2028-06-01,SUL,14302.268,14302.0,1,0.0
2028,7,2028-07-01,SUL,14471.3648,14472.0,1,0.0
2028,8,2028-08-01,SUL,14136.410199999998,14136.0,1,0.0
2028,9,2028-09-01,SUL,13456.439999999999,13456.0,1,0.0
2028,10,2028-10-01,SUL,13580.787200000002,13581.0,1,0.0
2028,11,2028-11-01,SUL,14328.23,14328.0,1,0.0
2028,12,2028-12-01,SUL,14606.183,14607.0,1,0.0
9999,1,9999-01-01,SUL,15790.4791,15791.0,1,0.0
9999,2,9999-02-01,SUL,15774.800599999999,15775.0,1,0.0
9999,3,9999-03-01,SUL,15101.5415,15102.0,1,0.0
9999,4,9999-04-01,SUL,14960.519999999997,14961.0,1,0.0
9999,5,9999-05-01,SUL,14359.073500000002,14359.0,1,0.0
9999,6,9999-06-01,SUL,14302.268,14302.0,1,0.0
9999,7,9999-07-01,SUL,14471.3648,14472.0,1,0.0
9999,8,9999-08-01,SUL,14136.410199999998,14136.0,1,0.0
9999,9,9999-09-01,SUL,13456.439999999999,13456.0,1,0.0
9999,10,9999-10-01,SUL,13580.787200000002,13581.0,1,0.0
9999,11,9999-11-01,SUL,14328.23,14328.0,1,0.0
9999,12,9999-12-01,SUL,14606.183,14607.0,1,0.0
2024,8,2024-08-01,SUL,10801.219500000001,10801.0,2,0.0
2024,9,2024-09-01,SUL,10696.9205,10696.0,2,0.0
2024,10,2024-10-01,SUL,9952.9316,9953.0,2,0.0
2024,11,2024-11-01,SUL,10826.305999999999,10826.0,2,0.0
2024,12,2024-12-01,SUL,11246.0085,11246.0,2,0.0
2025,1,2025-01-01,SUL,12941.626799999998,12941.0,2,0.0
2025,2,2025-02-01,SUL,13283.132400000002,13283.0,2,0.0
2025,3,2025-03-01,SUL,12079.8491,12080.0,2,0.0
2025,4,2025-04-01,SUL,11504.0502,11504.0,2,0.0
2025,5,2025-05-01,SUL,10966.3326,10967.0,2,0.0
2025,6,2025-06-01,SUL,10963.097600000001,10963.0,2,0.0
2025,7,2025-07-01,SUL,10643.823999999999,10644.0,2,0.0
2025,8,2025-08-01,SUL,10948.832699999999,10949.0,2,0.0
2025,9,2025-09-01,SUL,10375.515000000001,10375.0,2,0.0
2025,10,2025-10-01,SUL,10369.5242,10370.0,2,0.0
2025,11,2025-11-01,SUL,11331.7185,11331.0,2,0.0
2025,12,2025-12-01,SUL,11685.5065,11685.0,2,0.0
2026,1,2026-01-01,SUL,13352.754799999999,13353.0,2,0.0
2026,2,2026-02-01,SUL,13384.4264,13384.0,2,0.0
2026,3,2026-03-01,SUL,12692.0098,12692.0,2,0.0
2026,4,2026-04-01,SUL,11879.9735,11880.0,2,0.0
2026,5,2026-05-01,SUL,11419.6,11420.0,2,0.0
2026,6,2026-06-01,SUL,11194.1255,11194.0,2,0.0
2026,7,2026-07-01,SUL,10980.483999999999,10980.0,2,0.0
2026,8,2026-08-01,SUL,11297.946300000001,11297.0,2,0.0
2026,9,2026-09-01,SUL,10814.7448,10815.0,2,0.0
2026,10,2026-10-01,SUL,10877.2016,10877.0,2,0.0
2026,11,2026-11-01,SUL,11699.8332,11700.0,2,0.0
2026,12,2026-12-01,SUL,12051.5088,12051.0,2,0.0
2027,1,2027-01-01,SUL,13876.987700000001,13877.0,2,0.0
2027,2,2027-02-01,SUL,13824.363399999998,13825.0,2,0.0
2027,3,2027-03-01,SUL,13042.4506,13042.0,2,0.0
2027,4,2027-04-01,SUL,12194.0,12194.0,2,0.0
2027,5,2027-05-01,SUL,11853.058599999998,11854.0,2,0.0
2027,6,2027-06-01,SUL,11506.613,11507.0,2,0.0
2027,7,2027-07-01,SUL,11469.424,11469.0,2,0.0
2027,8,2027-08-01,SUL,11647.7492,11648.0,2,0.0
2027,9,2027-09-01,SUL,11230.699999999999,11230.0,2,0.0
2027,10,2027-10-01,SUL,11416.716699999999,11417.0,2,0.0
2027,11,2027-11-01,SUL,12095.758999999998,12095.0,2,0.0
2027,12,2027-12-01,SUL,12452.2072,12452.0,2,0.0
2028,1,2028-01-01,SUL,14417.109900000003,14417.0,2,0.0
2028,2,2028-02-01,SUL,14380.687599999997,14381.0,2,0.0
2028,3,2028-03-01,SUL,13568.081999999999,13568.0,2,0.0
2028,4,2028-04-01,SUL,13042.142399999997,13042.0,2,0.0
2028,5,2028-05-01,SUL,12142.4827,12143.0,2,0.0
2028,6,2028-06-01,SUL,12104.936000000002,12105.0,2,0.0
2028,7,2028-07-01,SUL,12117.627199999999,12118.0,2,0.0
2028,8,2028-08-01,SUL,12038.354800000001,12038.0,2,0.0
2028,9,2028-09-01,SUL,11830.48,11831.0,2,0.0
2028,10,2028-10-01,SUL,11868.268800000002,11868.0,2,0.0
2028,11,2028-11-01,SUL,12707.056,12707.0,2,0.0
2028,12,2028-12-01,SUL,13204.285200000002,13204.0,2,0.0
9999,1,9999-01-01,SUL,14417.109900000003,14417.0,2,0.0
9999,2,9999-02-01,SUL,14380.687599999997,14381.0,2,0.0
9999,3,9999-03-01,SUL,13568.081999999999,13568.0,2,0.0
9999,4,9999-04-01,SUL,13042.142399999997,13042.0,2,0.0
9999,5,9999-05-01,SUL,12142.4827,12143.0,2,0.0
9999,6,9999-06-01,SUL,12104.936000000002,12105.0,2,0.0
9999,7,9999-07-01,SUL,12117.627199999999,12118.0,2,0.0
9999,8,9999-08-01,SUL,12038.354800000001,12038.0,2,0.0
9999,9,9999-09-01,SUL,11830.48,11831.0,2,0.0
9999,10,9999-10-01,SUL,11868.268800000002,11868.0,2,0.0
9999,11,9999-11-01,SUL,12707.056,12707.0,2,0.0
9999,12,9999-12-01,SUL,13204.285200000002,13204.0,2,0.0
2024,8,2024-08-01,SUL,7750.939,7751.0,3,0.0
2024,9,2024-09-01,SUL,7664.2444,7664.0,3,0.0
2024,10,2024-10-01,SUL,7195.2516,7195.0,3,0.0
2024,11,2024-11-01,SUL,8004.789500000001,8005.0,3,0.0
2024,12,2024-12-01,SUL,8792.504299999999,8792.0,3,0.0
2025,1,2025-01-01,SUL,10102.4378,10103.0,3,0.0
2025,2,2025-02-01,SUL,10380.0276,10380.0,3,0.0
2025,3,2025-03-01,SUL,9497.0991,9497.0,3,0.0
2025,4,2025-04-01,SUL,8760.0908,8760.0,3,0.0
2025,5,2025-05-01,SUL,8031.1332,8031.0,3,0.0
2025,6,2025-06-01,SUL,7743.458199999999,7743.0,3,0.0
2025,7,2025-07-01,SUL,7661.044,7661.0,3,0.0
2025,8,2025-08-01,SUL,7822.7112,7823.0,3,0.0
2025,9,2025-09-01,SUL,7595.816999999999,7595.0,3,0.0
2025,10,2025-10-01,SUL,7623.3786,7623.0,3,0.0
2025,11,2025-11-01,SUL,8389.136,8389.0,3,0.0
2025,12,2025-12-01,SUL,9209.134,9209.0,3,0.0
2026,1,2026-01-01,SUL,10444.258,10444.0,3,0.0
2026,2,2026-02-01,SUL,10502.5608,10502.0,3,0.0
2026,3,2026-03-01,SUL,9912.8131,9913.0,3,0.0
2026,4,2026-04-01,SUL,9063.7567,9063.0,3,0.0
2026,5,2026-05-01,SUL,8314.208,8314.0,3,0.0
2026,6,2026-06-01,SUL,8001.288500000001,8001.0,3,0.0
2026,7,2026-07-01,SUL,7930.686,7931.0,3,0.0
2026,8,2026-08-01,SUL,8082.3348000000005,8083.0,3,0.0
2026,9,2026-09-01,SUL,7882.945600000001,7883.0,3,0.0
2026,10,2026-10-01,SUL,7956.9344,7957.0,3,0.0
2026,11,2026-11-01,SUL,8672.7616,8673.0,3,0.0
2026,12,2026-12-01,SUL,9536.285600000001,9536.0,3,0.0
2027,1,2027-01-01,SUL,10796.3928,10797.0,3,0.0
2027,2,2027-02-01,SUL,10860.732600000001,10861.0,3,0.0
2027,3,2027-03-01,SUL,10381.4871,10382.0,3,0.0
2027,4,2027-04-01,SUL,9365.983999999999,9365.0,3,0.0
2027,5,2027-05-01,SUL,8591.536100000001,8591.0,3,0.0
2027,6,2027-06-01,SUL,8241.215,8241.0,3,0.0
2027,7,2027-07-01,SUL,8309.885,8310.0,3,0.0
2027,8,2027-08-01,SUL,8355.871799999999,8356.0,3,0.0
2027,9,2027-09-01,SUL,8208.2728,8208.0,3,0.0
2027,10,2027-10-01,SUL,8297.624600000001,8298.0,3,0.0
2027,11,2027-11-01,SUL,8973.418599999999,8974.0,3,0.0
2027,12,2027-12-01,SUL,9883.4928,9884.0,3,0.0
2028,1,2028-01-01,SUL,11219.765300000001,11220.0,3,0.0
2028,2,2028-02-01,SUL,11338.0286,11338.0,3,0.0
2028,3,2028-03-01,SUL,10759.9055,10760.0,3,0.0
2028,4,2028-04-01,SUL,9876.177599999999,9876.0,3,0.0
2028,5,2028-05-01,SUL,8969.7184,8970.0,3,0.0
2028,6,2028-06-01,SUL,8723.9015,8724.0,3,0.0
2028,7,2028-07-01,SUL,8711.8592,8712.0,3,0.0
2028,8,2028-08-01,SUL,8774.1783,8774.0,3,0.0
2028,9,2028-09-01,SUL,8683.032000000001,8683.0,3,0.0
2028,10,2028-10-01,SUL,8642.048,8642.0,3,0.0
2028,11,2028-11-01,SUL,9486.0855,9486.0,3,0.0
2028,12,2028-12-01,SUL,10446.1684,10446.0,3,0.0
9999,1,9999-01-01,SUL,11219.765300000001,11220.0,3,0.0
9999,2,9999-02-01,SUL,11338.0286,11338.0,3,0.0
9999,3,9999-03-01,SUL,10759.9055,10760.0,3,0.0
9999,4,9999-04-01,SUL,9876.177599999999,9876.0,3,0.0
9999,5,9999-05-01,SUL,8969.7184,8970.0,3,0.0
9999,6,9999-06-01,SUL,8723.9015,8724.0,3,0.0
9999,7,9999-07-01,SUL,8711.8592,8712.0,3,0.0
9999,8,9999-08-01,SUL,8774.1783,8774.0,3,0.0
9999,9,9999-09-01,SUL,8683.032000000001,8683.0,3,0.0
9999,10,9999-10-01,SUL,8642.048,8642.0,3,0.0
9999,11,9999-11-01,SUL,9486.0855,9486.0,3,0.0
9999,12,9999-12-01,SUL,10446.1684,10446.0,3,0.0
2024,8,2024-08-01,NORTE,7523.290899999999,7523.0,1,0.0
2024,9,2024-09-01,NORTE,7618.337100000001,7618.0,1,0.0
2024,10,2024-10-01,NORTE,7544.1440999999995,7544.0,1,0.0
2024,11,2024-11-01,NORTE,7388.591,7389.0,1,0.0
2024,12,2024-12-01,NORTE,7072.828,7073.0,1,0.0
2025,1,2025-01-01,NORTE,6929.5552,6929.0,1,0.0
2025,2,2025-02-01,NORTE,7072.2503,7072.0,1,0.0
2025,3,2025-03-01,NORTE,7436.1424,7436.0,1,0.0
2025,4,2025-04-01,NORTE,7562.752999999999,7562.0,1,0.0
2025,5,2025-05-01,NORTE,7730.246999999999,7730.0,1,0.0
2025,6,2025-06-01,NORTE,7621.7118,7622.0,1,0.0
2025,7,2025-07-01,NORTE,7559.872,7559.0,1,0.0
2025,8,2025-08-01,NORTE,7778.6998,7779.0,1,0.0
2025,9,2025-09-01,NORTE,7745.9272,7746.0,1,0.0
2025,10,2025-10-01,NORTE,7740.363000000001,7740.0,1,0.0
2025,11,2025-11-01,NORTE,7535.032499999999,7535.0,1,0.0
2025,12,2025-12-01,NORTE,7263.6485,7263.0,1,0.0
2026,1,2026-01-01,NORTE,7333.354600000001,7333.0,1,0.0
2026,2,2026-02-01,NORTE,7490.088,7490.0,1,0.0
2026,3,2026-03-01,NORTE,7823.061,7823.0,1,0.0
2026,4,2026-04-01,NORTE,7975.863200000002,7976.0,1,0.0
2026,5,2026-05-01,NORTE,8185.901,8185.0,1,0.0
2026,6,2026-06-01,NORTE,8010.9136,8011.0,1,0.0
2026,7,2026-07-01,NORTE,7954.5576,7955.0,1,0.0
2026,8,2026-08-01,NORTE,8200.0587,8200.0,1,0.0
2026,9,2026-09-01,NORTE,8181.765000000001,8181.0,1,0.0
2026,10,2026-10-01,NORTE,8196.0488,8196.0,1,0.0
2026,11,2026-11-01,NORTE,7940.5455999999995,7941.0,1,0.0
2026,12,2026-12-01,NORTE,7653.096,7653.0,1,0.0
2027,1,2027-01-01,NORTE,7537.389799999999,7538.0,1,0.0
2027,2,2027-02-01,NORTE,7681.058800000001,7681.0,1,0.0
2027,3,2027-03-01,NORTE,8027.165000000001,8027.0,1,0.0
2027,4,2027-04-01,NORTE,8156.848,8157.0,1,0.0
2027,5,2027-05-01,NORTE,8436.4648,8436.0,1,0.0
2027,6,2027-06-01,NORTE,8226.8842,8227.0,1,0.0
2027,7,2027-07-01,NORTE,8189.032599999999,8189.0,1,0.0
2027,8,2027-08-01,NORTE,8430.461299999999,8430.0,1,0.0
2027,9,2027-09-01,NORTE,8407.1305,8407.0,1,0.0
2027,10,2027-10-01,NORTE,8435.2338,8435.0,1,0.0
2027,11,2027-11-01,NORTE,8145.110999999999,8145.0,1,0.0
2027,12,2027-12-01,NORTE,7839.782799999999,7839.0,1,0.0
2028,1,2028-01-01,NORTE,7778.0589,7778.0,1,0.0
2028,2,2028-02-01,NORTE,7929.663400000001,7930.0,1,0.0
2028,3,2028-03-01,NORTE,8273.326000000001,8274.0,1,0.0
2028,4,2028-04-01,NORTE,8506.7424,8507.0,1,0.0
2028,5,2028-05-01,NORTE,8675.6172,8676.0,1,0.0
2028,6,2028-06-01,NORTE,8528.1236,8528.0,1,0.0
2028,7,2028-07-01,NORTE,8509.784,8510.0,1,0.0
2028,8,2028-08-01,NORTE,8709.697999999999,8710.0,1,0.0
2028,9,2028-09-01,NORTE,8710.439,8710.0,1,0.0
2028,10,2028-10-01,NORTE,8715.758,8715.0,1,0.0
2028,11,2028-11-01,NORTE,8441.126,8441.0,1,0.0
2028,12,2028-12-01,NORTE,8154.32,8155.0,1,0.0
9999,1,9999-01-01,NORTE,7778.0589,7778.0,1,0.0
9999,2,9999-02-01,NORTE,7929.663400000001,7930.0,1,0.0
9999,3,9999-03-01,NORTE,8273.326000000001,8274.0,1,0.0
9999,4,9999-04-01,NORTE,8506.7424,8507.0,1,0.0
9999,5,9999-05-01,NORTE,8675.6172,8676.0,1,0.0
9999,6,9999-06-01,NORTE,8528.1236,8528.0,1,0.0
9999,7,9999-07-01,NORTE,8509.784,8510.0,1,0.0
9999,8,9999-08-01,NORTE,8709.697999999999,8710.0,1,0.0
9999,9,9999-09-01,NORTE,8710.439,8710.0,1,0.0
9999,10,9999-10-01,NORTE,8715.758,8715.0,1,0.0
9999,11,9999-11-01,NORTE,8441.126,8441.0,1,0.0
9999,12,9999-12-01,NORTE,8154.32,8155.0,1,0.0
2024,8,2024-08-01,NORTE,7217.8742999999995,7218.0,2,0.0
2024,9,2024-09-01,NORTE,7197.0007000000005,7197.0,2,0.0
2024,10,2024-10-01,NORTE,7134.211299999999,7135.0,2,0.0
2024,11,2024-11-01,NORTE,7081.219500000001,7081.0,2,0.0
2024,12,2024-12-01,NORTE,6775.4075,6776.0,2,0.0
2025,1,2025-01-01,NORTE,6686.217,6686.0,2,0.0
2025,2,2025-02-01,NORTE,6771.7155999999995,6772.0,2,0.0
2025,3,2025-03-01,NORTE,7139.4384,7139.0,2,0.0
2025,4,2025-04-01,NORTE,7156.2875,7156.0,2,0.0
2025,5,2025-05-01,NORTE,7306.726999999999,7307.0,2,0.0
2025,6,2025-06-01,NORTE,7176.931200000001,7177.0,2,0.0
2025,7,2025-07-01,NORTE,7059.3179,7059.0,2,0.0
2025,8,2025-08-01,NORTE,7346.098099999999,7346.0,2,0.0
2025,9,2025-09-01,NORTE,7246.4576,7246.0,2,0.0
2025,10,2025-10-01,NORTE,7267.557999999999,7267.0,2,0.0
2025,11,2025-11-01,NORTE,7171.8825,7172.0,2,0.0
2025,12,2025-12-01,NORTE,6909.340500000001,6909.0,2,0.0
2026,1,2026-01-01,NORTE,7049.5659000000005,7049.0,2,0.0
2026,2,2026-02-01,NORTE,7133.272800000001,7134.0,2,0.0
2026,3,2026-03-01,NORTE,7461.953000000001,7462.0,2,0.0
2026,4,2026-04-01,NORTE,7507.6353,7507.0,2,0.0
2026,5,2026-05-01,NORTE,7677.792599999999,7678.0,2,0.0
2026,6,2026-06-01,NORTE,7469.960000000001,7470.0,2,0.0
2026,7,2026-07-01,NORTE,7361.9792,7362.0,2,0.0
2026,8,2026-08-01,NORTE,7673.7525000000005,7674.0,2,0.0
2026,9,2026-09-01,NORTE,7617.5538,7618.0,2,0.0
2026,10,2026-10-01,NORTE,7667.6378,7667.0,2,0.0
2026,11,2026-11-01,NORTE,7529.275599999999,7530.0,2,0.0
2026,12,2026-12-01,NORTE,7243.8272,7244.0,2,0.0
2027,1,2027-01-01,NORTE,7227.9666,7228.0,2,0.0
2027,2,2027-02-01,NORTE,7285.0612,7286.0,2,0.0
2027,3,2027-03-01,NORTE,7613.0419999999995,7613.0,2,0.0
2027,4,2027-04-01,NORTE,7639.312,7639.0,2,0.0
2027,5,2027-05-01,NORTE,7854.4364000000005,7855.0,2,0.0
2027,6,2027-06-01,NORTE,7599.523800000001,7599.0,2,0.0
2027,7,2027-07-01,NORTE,7534.4228,7534.0,2,0.0
2027,8,2027-08-01,NORTE,7819.7880000000005,7820.0,2,0.0
2027,9,2027-09-01,NORTE,7788.3953,7788.0,2,0.0
2027,10,2027-10-01,NORTE,7870.648299999999,7871.0,2,0.0
2027,11,2027-11-01,NORTE,7678.641,7679.0,2,0.0
2027,12,2027-12-01,NORTE,7384.4064,7384.0,2,0.0
2028,1,2028-01-01,NORTE,7421.673500000001,7422.0,2,0.0
2028,2,2028-02-01,NORTE,7492.869999999999,7493.0,2,0.0
2028,3,2028-03-01,NORTE,7809.554,7809.0,2,0.0
2028,4,2028-04-01,NORTE,7974.647200000001,7974.0,2,0.0
2028,5,2028-05-01,NORTE,8023.498600000001,8023.0,2,0.0
2028,6,2028-06-01,NORTE,7846.748799999999,7847.0,2,0.0
2028,7,2028-07-01,NORTE,7795.811199999998,7796.0,2,0.0
2028,8,2028-08-01,NORTE,8024.0,8024.0,2,0.0
2028,9,2028-09-01,NORTE,8060.9818,8061.0,2,0.0
2028,10,2028-10-01,NORTE,8092.932000000001,8093.0,2,0.0
2028,11,2028-11-01,NORTE,7947.878999999999,7948.0,2,0.0
2028,12,2028-12-01,NORTE,7700.068000000001,7700.0,2,0.0
9999,1,9999-01-01,NORTE,7421.673500000001,7422.0,2,0.0
9999,2,9999-02-01,NORTE,7492.869999999999,7493.0,2,0.0
9999,3,9999-03-01,NORTE,7809.554,7809.0,2,0.0
9999,4,9999-04-01,NORTE,7974.647200000001,7974.0,2,0.0
9999,5,9999-05-01,NORTE,8023.498600000001,8023.0,2,0.0
9999,6,9999-06-01,NORTE,7846.748799999999,7847.0,2,0.0
9999,7,9999-07-01,NORTE,7795.811199999998,7796.0,2,0.0
9999,8,9999-08-01,NORTE,8024.0,8024.0,2,0.0
9999,9,9999-09-01,NORTE,8060.9818,8061.0,2,0.0
9999,10,9999-10-01,NORTE,8092.932000000001,8093.0,2,0.0
9999,11,9999-11-01,NORTE,7947.878999999999,7948.0,2,0.0
9999,12,9999-12-01,NORTE,7700.068000000001,7700.0,2,0.0
2024,8,2024-08-01,NORTE,6816.6192,6816.0,3,0.0
2024,9,2024-09-01,NORTE,6824.884099999999,6825.0,3,0.0
2024,10,2024-10-01,NORTE,6837.166200000001,6837.0,3,0.0
2024,11,2024-11-01,NORTE,6694.571000000001,6694.0,3,0.0
2024,12,2024-12-01,NORTE,6492.5655,6493.0,3,0.0
2025,1,2025-01-01,NORTE,6439.459400000001,6440.0,3,0.0
2025,2,2025-02-01,NORTE,6518.972299999999,6519.0,3,0.0
2025,3,2025-03-01,NORTE,6820.4258,6820.0,3,0.0
2025,4,2025-04-01,NORTE,6861.1956,6861.0,3,0.0
2025,5,2025-05-01,NORTE,6959.802000000001,6959.0,3,0.0
2025,6,2025-06-01,NORTE,6877.8086,6878.0,3,0.0
2025,7,2025-07-01,NORTE,6876.8398,6877.0,3,0.0
2025,8,2025-08-01,NORTE,6991.9948,6992.0,3,0.0
2025,9,2025-09-01,NORTE,6995.921600000001,6996.0,3,0.0
2025,10,2025-10-01,NORTE,7046.3626,7046.0,3,0.0
2025,11,2025-11-01,NORTE,6818.2725,6818.0,3,0.0
2025,12,2025-12-01,NORTE,6689.292,6690.0,3,0.0
2026,1,2026-01-01,NORTE,6808.3505000000005,6809.0,3,0.0
2026,2,2026-02-01,NORTE,6881.714199999999,6882.0,3,0.0
2026,3,2026-03-01,NORTE,7215.385,7216.0,3,0.0
2026,4,2026-04-01,NORTE,7231.6709,7232.0,3,0.0
2026,5,2026-05-01,NORTE,7318.8073,7318.0,3,0.0
2026,6,2026-06-01,NORTE,7239.048,7239.0,3,0.0
2026,7,2026-07-01,NORTE,7227.363200000001,7227.0,3,0.0
2026,8,2026-08-01,NORTE,7350.2446,7350.0,3,0.0
2026,9,2026-09-01,NORTE,7372.9056,7373.0,3,0.0
2026,10,2026-10-01,NORTE,7431.270200000001,7431.0,3,0.0
2026,11,2026-11-01,NORTE,7185.918000000001,7186.0,3,0.0
2026,12,2026-12-01,NORTE,7053.3488,7054.0,3,0.0
2027,1,2027-01-01,NORTE,6967.275299999999,6967.0,3,0.0
2027,2,2027-02-01,NORTE,7059.2622,7059.0,3,0.0
2027,3,2027-03-01,NORTE,7405.920999999999,7406.0,3,0.0
2027,4,2027-04-01,NORTE,7428.9439999999995,7429.0,3,0.0
2027,5,2027-05-01,NORTE,7492.5887999999995,7493.0,3,0.0
2027,6,2027-06-01,NORTE,7430.7645999999995,7431.0,3,0.0
2027,7,2027-07-01,NORTE,7411.733200000001,7412.0,3,0.0
2027,8,2027-08-01,NORTE,7547.5098,7547.0,3,0.0
2027,9,2027-09-01,NORTE,7571.204600000001,7571.0,3,0.0
2027,10,2027-10-01,NORTE,7622.730100000001,7623.0,3,0.0
2027,11,2027-11-01,NORTE,7374.407000000001,7374.0,3,0.0
2027,12,2027-12-01,NORTE,7254.1064,7254.0,3,0.0
2028,1,2028-01-01,NORTE,7203.5699,7204.0,3,0.0
2028,2,2028-02-01,NORTE,7297.9704,7298.0,3,0.0
2028,3,2028-03-01,NORTE,7669.393,7670.0,3,0.0
2028,4,2028-04-01,NORTE,7661.272999999999,7662.0,3,0.0
2028,5,2028-05-01,NORTE,7769.501399999999,7770.0,3,0.0
2028,6,2028-06-01,NORTE,7682.286,7682.0,3,0.0
2028,7,2028-07-01,NORTE,7646.4400000000005,7646.0,3,0.0
2028,8,2028-08-01,NORTE,7828.192000000001,7829.0,3,0.0
2028,9,2028-09-01,NORTE,7846.8150000000005,7847.0,3,0.0
2028,10,2028-10-01,NORTE,7891.429399999999,7892.0,3,0.0
2028,11,2028-11-01,NORTE,7633.867,7634.0,3,0.0
2028,12,2028-12-01,NORTE,7481.865599999999,7482.0,3,0.0
9999,1,9999-01-01,NORTE,7203.5699,7204.0,3,0.0
9999,2,9999-02-01,NORTE,7297.9704,7298.0,3,0.0
9999,3,9999-03-01,NORTE,7669.393,7670.0,3,0.0
9999,4,9999-04-01,NORTE,7661.272999999999,7662.0,3,0.0
9999,5,9999-05-01,NORTE,7769.501399999999,7770.0,3,0.0
9999,6,9999-06-01,NORTE,7682.286,7682.0,3,0.0
9999,7,9999-07-01,NORTE,7646.4400000000005,7646.0,3,0.0
9999,8,9999-08-01,NORTE,7828.192000000001,7829.0,3,0.0
9999,9,9999-09-01,NORTE,7846.8150000000005,7847.0,3,0.0
9999,10,9999-10-01,NORTE,7891.429399999999,7892.0,3,0.0
9999,11,9999-11-01,NORTE,7633.867,7634.0,3,0.0
9999,12,9999-12-01,NORTE,7481.865599999999,7482.0,3,0.0
2024,8,2024-08-01,NORDESTE,-4095.0159999999996,-4095.0,1,0.0
2024,9,2024-09-01,NORDESTE,-4425.967199999999,-4426.0,1,0.0
2024,10,2024-10-01,NORDESTE,-2915.8059999999987,-2916.0,1,0.0
2024,11,2024-11-01,NORDESTE,-726.8919999999998,-727.0,1,0.0
2024,12,2024-12-01,NORDESTE,-350.77000000000044,-351.0,1,0.0
2025,1,2025-01-01,NORDESTE,1651.9058000000005,1652.0,1,0.0
2025,2,2025-02-01,NORDESTE,1826.8844000000008,1827.0,1,0.0
2025,3,2025-03-01,NORDESTE,3162.0249000000003,3162.0,1,0.0
2025,4,2025-04-01,NORDESTE,3585.1625000000004,3585.0,1,0.0
2025,5,2025-05-01,NORDESTE,1759.6580000000013,1759.0,1,0.0
2025,6,2025-06-01,NORDESTE,-1154.2874999999985,-1154.0,1,0.0
2025,7,2025-07-01,NORDESTE,-3564.8878999999997,-3565.0,1,0.0
2025,8,2025-08-01,NORDESTE,-4981.952799999999,-4982.0,1,0.0
2025,9,2025-09-01,NORDESTE,-5780.025199999998,-5780.0,1,0.0
2025,10,2025-10-01,NORDESTE,-3785.926400000002,-3786.0,1,0.0
2025,11,2025-11-01,NORDESTE,-1307.9581999999991,-1308.0,1,0.0
2025,12,2025-12-01,NORDESTE,-939.5211999999992,-939.0,1,0.0
2026,1,2026-01-01,NORDESTE,737.6990000000005,738.0,1,0.0
2026,2,2026-02-01,NORDESTE,1077.5472000000009,1077.0,1,0.0
2026,3,2026-03-01,NORDESTE,2451.538800000002,2451.0,1,0.0
2026,4,2026-04-01,NORDESTE,3072.2731999999996,3073.0,1,0.0
2026,5,2026-05-01,NORDESTE,1669.4352,1669.0,1,0.0
2026,6,2026-06-01,NORDESTE,-1384.0737999999983,-1384.0,1,0.0
2026,7,2026-07-01,NORDESTE,-3751.3653999999988,-3752.0,1,0.0
2026,8,2026-08-01,NORDESTE,-4941.225,-4941.0,1,0.0
2026,9,2026-09-01,NORDESTE,-5732.353999999999,-5732.0,1,0.0
2026,10,2026-10-01,NORDESTE,-3553.0524000000005,-3553.0,1,0.0
2026,11,2026-11-01,NORDESTE,-1091.8544999999995,-1092.0,1,0.0
2026,12,2026-12-01,NORDESTE,-686.9100000000017,-687.0,1,0.0
2027,1,2027-01-01,NORDESTE,1149.1404000000002,1149.0,1,0.0
2027,2,2027-02-01,NORDESTE,1435.3724000000002,1435.0,1,0.0
2027,3,2027-03-01,NORDESTE,2774.4807999999994,2774.0,1,0.0
2027,4,2027-04-01,NORDESTE,3405.7225000000017,3405.0,1,0.0
2027,5,2027-05-01,NORDESTE,2188.8228,2189.0,1,0.0
2027,6,2027-06-01,NORDESTE,-945.1893999999993,-945.0,1,0.0
2027,7,2027-07-01,NORDESTE,-3277.3816000000006,-3278.0,1,0.0
2027,8,2027-08-01,NORDESTE,-4497.3789,-4497.0,1,0.0
2027,9,2027-09-01,NORDESTE,-5333.330400000001,-5333.0,1,0.0
2027,10,2027-10-01,NORDESTE,-3070.693299999999,-3071.0,1,0.0
2027,11,2027-11-01,NORDESTE,-637.7155999999977,-638.0,1,0.0
2027,12,2027-12-01,NORDESTE,-261.41549999999916,-261.0,1,0.0
2028,1,2028-01-01,NORDESTE,1636.9310000000005,1637.0,1,0.0
2028,2,2028-02-01,NORDESTE,1940.0696999999982,1940.0,1,0.0
2028,3,2028-03-01,NORDESTE,3273.1068000000014,3273.0,1,0.0
2028,4,2028-04-01,NORDESTE,4074.381799999999,4074.0,1,0.0
2028,5,2028-05-01,NORDESTE,2599.2425999999996,2599.0,1,0.0
2028,6,2028-06-01,NORDESTE,-415.4890000000014,-415.0,1,0.0
2028,7,2028-07-01,NORDESTE,-2695.1201,-2695.0,1,0.0
2028,8,2028-08-01,NORDESTE,-4033.2959999999985,-4034.0,1,0.0
2028,9,2028-09-01,NORDESTE,-4804.653599999998,-4805.0,1,0.0
2028,10,2028-10-01,NORDESTE,-2548.3473999999987,-2549.0,1,0.0
2028,11,2028-11-01,NORDESTE,-77.36579999999958,-78.0,1,0.0
2028,12,2028-12-01,NORDESTE,370.69700000000194,371.0,1,0.0
9999,1,9999-01-01,NORDESTE,1636.9310000000005,1637.0,1,0.0
9999,2,9999-02-01,NORDESTE,1940.0696999999982,1940.0,1,0.0
9999,3,9999-03-01,NORDESTE,3273.1068000000014,3273.0,1,0.0
9999,4,9999-04-01,NORDESTE,4074.381799999999,4074.0,1,0.0
9999,5,9999-05-01,NORDESTE,2599.2425999999996,2599.0,1,0.0
9999,6,9999-06-01,NORDESTE,-415.4890000000014,-415.0,1,0.0
9999,7,9999-07-01,NORDESTE,-2695.1201,-2695.0,1,0.0
9999,8,9999-08-01,NORDESTE,-4033.2959999999985,-4034.0,1,0.0
9999,9,9999-09-01,NORDESTE,-4804.653599999998,-4805.0,1,0.0
9999,10,9999-10-01,NORDESTE,-2548.3473999999987,-2549.0,1,0.0
9999,11,9999-11-01,NORDESTE,-77.36579999999958,-78.0,1,0.0
9999,12,9999-12-01,NORDESTE,370.69700000000194,371.0,1,0.0
2024,8,2024-08-01,NORDESTE,-7034.1376,-7035.0,2,0.0
2024,9,2024-09-01,NORDESTE,-6804.929100000001,-6805.0,2,0.0
2024,10,2024-10-01,NORDESTE,-5521.626999999999,-5521.0,2,0.0
2024,11,2024-11-01,NORDESTE,-2387.695600000001,-2388.0,2,0.0
2024,12,2024-12-01,NORDESTE,-2095.6013999999996,-2095.0,2,0.0
2025,1,2025-01-01,NORDESTE,-352.28859999999804,-353.0,2,0.0
2025,2,2025-02-01,NORDESTE,-216.96279999999933,-217.0,2,0.0
2025,3,2025-03-01,NORDESTE,228.58529999999882,228.0,2,0.0
2025,4,2025-04-01,NORDESTE,7.287500000000364,7.0,2,0.0
2025,5,2025-05-01,NORDESTE,-2239.7620000000006,-2240.0,2,0.0
2025,6,2025-06-01,NORDESTE,-6240.7325,-6241.0,2,0.0
2025,7,2025-07-01,NORDESTE,-8716.918099999999,-8717.0,2,0.0
2025,8,2025-08-01,NORDESTE,-8918.003200000001,-8918.0,2,0.0
2025,9,2025-09-01,NORDESTE,-8919.055199999999,-8920.0,2,0.0
2025,10,2025-10-01,NORDESTE,-7135.724800000002,-7135.0,2,0.0
2025,11,2025-11-01,NORDESTE,-3584.556200000001,-3585.0,2,0.0
2025,12,2025-12-01,NORDESTE,-3296.5456000000013,-3297.0,2,0.0
2026,1,2026-01-01,NORDESTE,-1990.234199999999,-1990.0,2,0.0
2026,2,2026-02-01,NORDESTE,-1707.511599999998,-1708.0,2,0.0
2026,3,2026-03-01,NORDESTE,-1429.943800000001,-1430.0,2,0.0
2026,4,2026-04-01,NORDESTE,-1315.7728000000006,-1315.0,2,0.0
2026,5,2026-05-01,NORDESTE,-3171.6528,-3171.0,2,0.0
2026,6,2026-06-01,NORDESTE,-7344.4717,-7345.0,2,0.0
2026,7,2026-07-01,NORDESTE,-9713.176599999999,-9713.0,2,0.0
2026,8,2026-08-01,NORDESTE,-9655.549,-9656.0,2,0.0
2026,9,2026-09-01,NORDESTE,-9305.7183,-9306.0,2,0.0
2026,10,2026-10-01,NORDESTE,-7291.057399999998,-7291.0,2,0.0
2026,11,2026-11-01,NORDESTE,-3781.5999999999985,-3782.0,2,0.0
2026,12,2026-12-01,NORDESTE,-3448.1656000000003,-3448.0,2,0.0
2027,1,2027-01-01,NORDESTE,-1756.0975000000017,-1756.0,2,0.0
2027,2,2027-02-01,NORDESTE,-1561.2664000000004,-1561.0,2,0.0
2027,3,2027-03-01,NORDESTE,-1323.8615999999984,-1324.0,2,0.0
2027,4,2027-04-01,NORDESTE,-1206.7093000000004,-1207.0,2,0.0
2027,5,2027-05-01,NORDESTE,-2964.0830000000005,-2964.0,2,0.0
2027,6,2027-06-01,NORDESTE,-7246.6808,-7247.0,2,0.0
2027,7,2027-07-01,NORDESTE,-9516.961200000002,-9517.0,2,0.0
2027,8,2027-08-01,NORDESTE,-9560.274899999999,-9561.0,2,0.0
2027,9,2027-09-01,NORDESTE,-9107.280100000002,-9107.0,2,0.0
2027,10,2027-10-01,NORDESTE,-6975.738800000001,-6975.0,2,0.0
2027,11,2027-11-01,NORDESTE,-3487.079999999998,-3488.0,2,0.0
2027,12,2027-12-01,NORDESTE,-3172.5879999999997,-3173.0,2,0.0
2028,1,2028-01-01,NORDESTE,-1400.893,-1401.0,2,0.0
2028,2,2028-02-01,NORDESTE,-1165.5542999999998,-1166.0,2,0.0
2028,3,2028-03-01,NORDESTE,-988.7523999999994,-989.0,2,0.0
2028,4,2028-04-01,NORDESTE,-561.2350999999999,-561.0,2,0.0
2028,5,2028-05-01,NORDESTE,-2710.8651999999984,-2711.0,2,0.0
2028,6,2028-06-01,NORDESTE,-6816.483,-6816.0,2,0.0
2028,7,2028-07-01,NORDESTE,-9057.4638,-9057.0,2,0.0
2028,8,2028-08-01,NORDESTE,-9262.348499999998,-9262.0,2,0.0
2028,9,2028-09-01,NORDESTE,-8638.446399999999,-8639.0,2,0.0
2028,10,2028-10-01,NORDESTE,-6614.223399999999,-6614.0,2,0.0
2028,11,2028-11-01,NORDESTE,-2984.586299999999,-2984.0,2,0.0
2028,12,2028-12-01,NORDESTE,-2529.0370000000003,-2529.0,2,0.0
9999,1,9999-01-01,NORDESTE,-1400.893,-1401.0,2,0.0
9999,2,9999-02-01,NORDESTE,-1165.5542999999998,-1166.0,2,0.0
9999,3,9999-03-01,NORDESTE,-988.7523999999994,-989.0,2,0.0
9999,4,9999-04-01,NORDESTE,-561.2350999999999,-561.0,2,0.0
9999,5,9999-05-01,NORDESTE,-2710.8651999999984,-2711.0,2,0.0
9999,6,9999-06-01,NORDESTE,-6816.483,-6816.0,2,0.0
9999,7,9999-07-01,NORDESTE,-9057.4638,-9057.0,2,0.0
9999,8,9999-08-01,NORDESTE,-9262.348499999998,-9262.0,2,0.0
9999,9,9999-09-01,NORDESTE,-8638.446399999999,-8639.0,2,0.0
9999,10,9999-10-01,NORDESTE,-6614.223399999999,-6614.0,2,0.0
9999,11,9999-11-01,NORDESTE,-2984.586299999999,-2984.0,2,0.0
9999,12,9999-12-01,NORDESTE,-2529.0370000000003,-2529.0,2,0.0
2024,8,2024-08-01,NORDESTE,-6932.6368,-6933.0,3,0.0
2024,9,2024-09-01,NORDESTE,-6934.490100000001,-6935.0,3,0.0
2024,10,2024-10-01,NORDESTE,-6355.741,-6356.0,3,0.0
2024,11,2024-11-01,NORDESTE,-2453.3642,-2454.0,3,0.0
2024,12,2024-12-01,NORDESTE,-2463.673999999999,-2464.0,3,0.0
2025,1,2025-01-01,NORDESTE,-757.110200000001,-757.0,3,0.0
2025,2,2025-02-01,NORDESTE,-471.40399999999863,-471.0,3,0.0
2025,3,2025-03-01,NORDESTE,57.88590000000113,58.0,3,0.0
2025,4,2025-04-01,NORDESTE,-15.600000000000364,-15.0,3,0.0
2025,5,2025-05-01,NORDESTE,-2893.6499999999996,-2893.0,3,0.0
2025,6,2025-06-01,NORDESTE,-5709.504999999999,-5709.0,3,0.0
2025,7,2025-07-01,NORDESTE,-7510.000400000001,-7510.0,3,0.0
2025,8,2025-08-01,NORDESTE,-8335.32,-8336.0,3,0.0
2025,9,2025-09-01,NORDESTE,-8360.6302,-8361.0,3,0.0
2025,10,2025-10-01,NORDESTE,-7451.1232,-7451.0,3,0.0
2025,11,2025-11-01,NORDESTE,-3254.7569999999996,-3255.0,3,0.0
2025,12,2025-12-01,NORDESTE,-3201.4449999999997,-3202.0,3,0.0
2026,1,2026-01-01,NORDESTE,-1814.2258000000002,-1814.0,3,0.0
2026,2,2026-02-01,NORDESTE,-1370.1347999999998,-1371.0,3,0.0
2026,3,2026-03-01,NORDESTE,-799.0577999999987,-799.0,3,0.0
2026,4,2026-04-01,NORDESTE,-783.9323999999997,-784.0,3,0.0
2026,5,2026-05-01,NORDESTE,-3499.0560000000005,-3499.0,3,0.0
2026,6,2026-06-01,NORDESTE,-6273.7449000000015,-6273.0,3,0.0
2026,7,2026-07-01,NORDESTE,-8020.544599999999,-8021.0,3,0.0
2026,8,2026-08-01,NORDESTE,-8638.55,-8639.0,3,0.0
2026,9,2026-09-01,NORDESTE,-8463.2701,-8464.0,3,0.0
2026,10,2026-10-01,NORDESTE,-7406.8132000000005,-7407.0,3,0.0
2026,11,2026-11-01,NORDESTE,-3213.522500000001,-3213.0,3,0.0
2026,12,2026-12-01,NORDESTE,-3072.9439999999995,-3073.0,3,0.0
2027,1,2027-01-01,NORDESTE,-1562.5722000000005,-1562.0,3,0.0
2027,2,2027-02-01,NORDESTE,-1090.9483999999993,-1091.0,3,0.0
2027,3,2027-03-01,NORDESTE,-472.0767999999989,-472.0,3,0.0
2027,4,2027-04-01,NORDESTE,-479.3930999999993,-479.0,3,0.0
2027,5,2027-05-01,NORDESTE,-3214.142899999999,-3215.0,3,0.0
2027,6,2027-06-01,NORDESTE,-5978.648300000001,-5979.0,3,0.0
2027,7,2027-07-01,NORDESTE,-7721.020200000001,-7721.0,3,0.0
2027,8,2027-08-01,NORDESTE,-8354.2882,-8354.0,3,0.0
2027,9,2027-09-01,NORDESTE,-8147.0589,-8147.0,3,0.0
2027,10,2027-10-01,NORDESTE,-7092.875400000001,-7093.0,3,0.0
2027,11,2027-11-01,NORDESTE,-2853.936600000001,-2854.0,3,0.0
2027,12,2027-12-01,NORDESTE,-2684.0815000000002,-2684.0,3,0.0
2028,1,2028-01-01,NORDESTE,-1140.5195000000003,-1140.0,3,0.0
2028,2,2028-02-01,NORDESTE,-653.1603000000014,-653.0,3,0.0
2028,3,2028-03-01,NORDESTE,-46.81660000000011,-47.0,3,0.0
2028,4,2028-04-01,NORDESTE,-78.14680000000044,-79.0,3,0.0
2028,5,2028-05-01,NORDESTE,-2773.8672000000006,-2774.0,3,0.0
2028,6,2028-06-01,NORDESTE,-5566.016,-5566.0,3,0.0
2028,7,2028-07-01,NORDESTE,-7348.282799999999,-7348.0,3,0.0
2028,8,2028-08-01,NORDESTE,-7920.3675,-7920.0,3,0.0
2028,9,2028-09-01,NORDESTE,-7723.24,-7723.0,3,0.0
2028,10,2028-10-01,NORDESTE,-6672.2636,-6672.0,3,0.0
2028,11,2028-11-01,NORDESTE,-2404.5571,-2405.0,3,0.0
2028,12,2028-12-01,NORDESTE,-2269.437,-2269.0,3,0.0
9999,1,9999-01-01,NORDESTE,-1140.5195000000003,-1140.0,3,0.0
9999,2,9999-02-01,NORDESTE,-653.1603000000014,-653.0,3,0.0
9999,3,9999-03-01,NORDESTE,-46.81660000000011,-47.0,3,0.0
9999,4,9999-04-01,NORDESTE,-78.14680000000044,-79.0,3,0.0
9999,5,9999-05-01,NORDESTE,-2773.8672000000006,-2774.0,3,0.0
9999,6,9999-06-01,NORDESTE,-5566.016,-5566.0,3,0.0
9999,7,9999-07-01,NORDESTE,-7348.282799999999,-7348.0,3,0.0
9999,8,9999-08-01,NORDESTE,-7920.3675,-7920.0,3,0.0
9999,9,9999-09-01,NORDESTE,-7723.24,-7723.0,3,0.0
9999,10,9999-10-01,NORDESTE,-6672.2636,-6672.0,3,0.0
9999,11,9999-11-01,NORDESTE,-2404.5571,-2405.0,3,0.0
9999,12,9999-12-01,NORDESTE,-2269.437,-2269.0,3,0.0
